{
  "diarization error rate": 0.11050426801402913,
  "jaccard error rate": 0.29834841721680605
}