{
  "diarization error rate": 0.1569264327954896,
  "jaccard error rate": 0.3008677950485153
}