{
  "diarization error rate": 0.5016007001226611,
  "jaccard error rate": 0.833639650965428
}