{
  "diarization error rate": 0.23984038442878955,
  "jaccard error rate": 0.575656457565172
}