{
  "diarization error rate": 0.2398403844287896,
  "jaccard error rate": 0.5756564575651721
}