{
  "realtime factor": 0.01802104387174476,
  "diarization error rate": 0.10340877086354465,
  "jaccard error rate": 0.19918677169567875
}