{
  "diarization error rate": 0.10340878898338887,
  "jaccard error rate": 0.19918676293191975
}