{
  "num_cpu": 16,
  "total_audio_sec": 111735.68,
  "total_processing_sec": 4246.576617969782,
  "core_hours": 1.1796046161027172
}