{
  "num_cpu": 16,
  "total_audio_sec": 120451.20000000001,
  "total_processing_sec": 542491.4340467759,
  "core_hours": 150.6920650129933
}