{
  "num_cpu": 16,
  "total_audio_sec": 246.144,
  "total_processing_sec": 411.35830587288365,
  "core_hours": 0.11426619607580102
}