{
  "realtime factor": 0.3968466736006873,
  "diarization error rate": 0.08948799420582881,
  "jaccard error rate": 0.28114341975292506
}