{
  "total_audio_time_sec": 121086.27200000001,
  "total_process_time_sec": 535014.0851025698,
  "num_workers": 16
}