{
  "diarization error rate": 0.08952133562966154,
  "jaccard error rate": 0.27449343095350937
}