{
  "realtime factor": 0.09536776503878924,
  "diarization error rate": 0.38450114134619023,
  "jaccard error rate": 0.7894567754261413
}